{"cameraMode":{"drawMode":0,"name":"Shaded","section":"Shading Mode"},"sceneLighting":true,"audioPlay":false,"sceneViewState":{"showFog":true,"showMaterialUpdate":false,"showSkybox":true,"showFlares":true,"showImageEffects":true,"showParticleSystems":true,"showVisualEffectGraphs":true,"m_FxEnabled":true},"in2DMode":false,"pivot":{"x":-3.1123077869415285,"y":0.8602532148361206,"z":-3.083946704864502},"rotation":{"x":-0.021378012374043466,"y":0.9572792053222656,"z":-0.07337497919797898,"w":-0.2789003551006317},"size":2.3010053634643556,"orthographic":true}