{"cameraMode":{"drawMode":0,"name":"Shaded","section":"Shading Mode"},"sceneLighting":false,"audioPlay":false,"sceneViewState":{"showFog":true,"showMaterialUpdate":false,"showSkybox":false,"showFlares":true,"showImageEffects":true,"showParticleSystems":true,"showVisualEffectGraphs":true,"m_FxEnabled":true},"in2DMode":false,"pivot":{"x":-0.03627559542655945,"y":0.0018403828144073487,"z":-0.028304457664489747},"rotation":{"x":0.24001501500606538,"y":-0.341838538646698,"z":0.09075135737657547,"w":0.9040537476539612},"size":0.3535533845424652,"orthographic":false}